target,config_id,n_estimators,learning_rate,max_depth,r2_score,rmse,mae,training_time,r2_std
RR,0,250,0.2,3,0.9141749160358826,0.8488209098808713,0.5761097290622459,0.17309888203938803,0.02100365217186234
RR,1,500,0.15,10,0.82171468943816,1.2314929057536121,0.8134431879284731,0.8024210135142008,0.021336456969113154
RR,2,400,0.2,10,0.7835207332476878,1.3489626603861644,0.9029883477329318,0.6560299396514893,0.05233536054328645
RR,3,150,0.08,4,0.8504195023520054,1.1184436767025165,0.7919979959632387,0.1297913392384847,0.04179825664403057
RR,4,500,0.2,4,0.892780256834698,0.9345401187842093,0.6055477907553746,0.4327433109283447,0.043486699452986624
RR,5,150,0.01,6,0.575227340038171,1.9050393318334786,1.401468482483452,0.17237440745035806,0.01827681878512675
RR,6,200,0.02,7,0.7971365700934271,1.312576555021364,0.9341287597727316,0.2561083634694417,0.028243681746437984
RR,7,500,0.3,5,0.8432787223616653,1.139669836597796,0.747619073215844,0.49943264325459796,0.04867301409025149
RR,8,300,0.01,8,0.7652077072650777,1.4116622333965372,1.0127517359241305,0.4146866798400879,0.0353509955852197
RR,9,200,0.2,10,0.783522596684547,1.3489604684442478,0.9030017750285818,0.32961440086364746,0.05232649387485149
RR,10,300,0.15,4,0.8855786016014147,0.9690761526807368,0.6080591666861781,0.2585314114888509,0.04333724351392529
RR,11,300,0.1,3,0.9028688046051955,0.9041879815441564,0.6364910922220991,0.21459237734476724,0.020959027513197673
RR,12,250,0.1,4,0.8802197440554415,0.9936344686714462,0.6551757118358947,0.21585257848103842,0.04357497450384779
RR,13,100,0.05,7,0.8087950023842417,1.2727104661486572,0.8883926675316755,0.129486083984375,0.03167531802043087
RR,14,50,0.02,5,0.4474534749111809,2.170901549740735,1.595690396491592,0.05123130480448405,0.03725570549088379
RR,15,300,0.01,7,0.7563770860842207,1.439432976342859,1.0420399227012214,0.38145971298217773,0.031178611732173497
RR,16,100,0.02,9,0.6985663667138402,1.601320118686104,1.1533177476754723,0.1484663486480713,0.035561560989440674
RR,17,50,0.08,9,0.796491423317199,1.3114658142692361,0.916725655499815,0.07568709055582683,0.03283006207461188
RR,18,150,0.3,3,0.8918692793214366,0.9501988131616236,0.6503849562860805,0.10695068041483562,0.03037949977962238
RR,19,200,0.01,6,0.6495685302905038,1.7299159561459165,1.2684209502466464,0.2284250259399414,0.018960629048682846
RR,20,200,0.08,9,0.838738209215578,1.1665954144127288,0.7875457126485946,0.304168701171875,0.02881280705014357
RR,21,200,0.05,4,0.8410760579655255,1.1591071077388664,0.8242351976267891,0.17233943939208984,0.0303206654920313
RR,22,250,0.08,4,0.8824226475204703,0.9886032211223217,0.6735415285177432,0.2151962916056315,0.03784478984815841
RR,23,200,0.05,3,0.7936339333912454,1.323816920778858,0.9832806627734247,0.1423963705698649,0.029668395574554658
RR,24,100,0.3,7,0.8039750669644569,1.2844424370502416,0.8695853880250505,0.1312375863393148,0.045703580427193004
RR,25,200,0.3,5,0.8425639355730036,1.1424567591309482,0.7511597218244933,0.20032930374145508,0.04845365113097355
RR,26,100,0.02,7,0.6833257695683891,1.6435450009622865,1.1962652838906926,0.1269989808400472,0.02484604930029764
RR,27,300,0.3,7,0.8040513101100794,1.2841759459457611,0.870565189342123,0.3801947434743245,0.04566127011654529
RR,28,300,0.05,9,0.8388093346525264,1.166263594401438,0.780888611684385,0.4601370493570964,0.030473848538511008
RR,29,300,0.01,6,0.7348636249246229,1.5039660074601884,1.0964865009758624,0.341964324315389,0.02171903080449339
RR,30,200,0.2,7,0.82671448601318,1.2026065712824983,0.7793467523309671,0.25546932220458984,0.0477533742130983
RR,31,300,0.02,6,0.8291589500725713,1.2039866859164587,0.8441454932902094,0.34210205078125,0.0245341096404225
RR,32,150,0.02,7,0.7589157944118566,1.432275602635225,1.0310351985689734,0.1908580462137858,0.02734901606370764
RR,33,50,0.02,4,0.38813459752121154,2.28820986894791,1.6768663962342518,0.043833017349243164,0.014067091767992625
RR,34,100,0.02,3,0.47619070813146536,2.1157448690760643,1.5729804387843214,0.07185864448547363,0.020426472886170315
RR,35,400,0.02,9,0.835056931733272,1.1802919513218046,0.8151331292701638,0.6257592837015787,0.031095131545686782
RR,36,500,0.1,7,0.8615196425795558,1.0753256507590336,0.7039043283525585,0.6360487143198649,0.03868371682858579
RR,37,200,0.1,4,0.8722186738613757,1.0281305872208708,0.6866529460265323,0.17194787661234537,0.043649063926006315
RR,38,100,0.02,4,0.5553744577555838,1.949306132692601,1.4424361212959222,0.08805632591247559,0.01800371338309871
RR,39,150,0.2,4,0.8794661178032969,0.9946763426671263,0.668519218814596,0.128924290339152,0.04415156648239627
RR,40,400,0.1,10,0.8152446339117638,1.2489023383521751,0.8445442629707517,0.6666311422983805,0.03524177057266809
RR,41,100,0.01,7,0.501258089428879,2.0644097188519344,1.5140956764195475,0.13329768180847168,0.023428895143307583
RR,42,150,0.08,6,0.8534613597501406,1.1048281916493636,0.7376617282757373,0.17121005058288574,0.04331851176993822
RR,43,50,0.2,10,0.7796916650541257,1.3609892832205377,0.912992890514981,0.08272775014241536,0.052901119470349735
RR,44,400,0.05,6,0.8725063777918628,1.0314383833800864,0.6771307164279952,0.4572032292683919,0.036660243392773996
RR,45,250,0.15,5,0.880781842642855,0.9876867466970967,0.6451122645361683,0.25533612569173175,0.04773694029451183
RR,46,100,0.02,8,0.6942035141010227,1.6128798273872447,1.1657252959669,0.1403814156850179,0.03629673254869688
RR,47,500,0.2,8,0.8101839609892937,1.264352343094231,0.8381552232672114,0.727922280629476,0.03844101777484395
RR,48,250,0.3,8,0.7703480081025824,1.3878308304054416,0.9110288538543908,0.35017887751261395,0.059969849353806094
RR,49,500,0.08,4,0.9022109761217719,0.8975959607230308,0.586811019769285,0.43206262588500977,0.03667627788513045
RR,50,100,0.08,5,0.8267548480595875,1.2030463188197456,0.8415721471575527,0.10205801328023274,0.04824953397380897
RR,51,200,0.15,9,0.8222898906735626,1.2257115412041193,0.818366037255292,0.30668242772420246,0.027653300246330035
RR,52,500,0.1,5,0.8785467615944688,0.9967460576993422,0.6415901629414309,0.5026257832845052,0.04792367598087298
RR,53,50,0.3,10,0.7733125729353612,1.3744829733276556,0.9257543404903665,0.08253415425618489,0.06630786424648566
RR,54,500,0.01,10,0.8172764443965791,1.2440745314072685,0.8739230869255817,0.8123573462168375,0.0301118399002265
RR,55,100,0.01,9,0.528879328764695,2.005703401741986,1.4578003503690053,0.14838862419128418,0.0285775374845947
RR,56,50,0.01,5,0.2746480267631412,2.491112742275753,1.8198531096271653,0.051561832427978516,0.012842702093048055
RR,57,250,0.08,10,0.8167706582356091,1.2432531860129974,0.838822147461577,0.41235073407491046,0.034228356512566824
RR,58,300,0.05,8,0.8441000852467079,1.1438954411501165,0.7762903542025038,0.43573935826619464,0.03427725738724895
RR,59,150,0.02,4,0.644249075765824,1.7433645253207708,1.2953177635231503,0.1307379404703776,0.021622701999865726
RR,60,200,0.3,4,0.8562736294190939,1.072285048621337,0.7140420694794165,0.17279426256815592,0.06763507224653742
RR,61,200,0.01,5,0.6139821489724361,1.8159746981412883,1.3406944743683862,0.20337605476379395,0.02189750924322368
RR,62,150,0.15,7,0.8425698796268905,1.1392116275658803,0.7604548956209123,0.19193530082702637,0.05618862198787085
RR,63,100,0.05,5,0.7825043965945069,1.3591517225423797,0.9755763627508237,0.10194039344787598,0.02842665899643984
RR,64,500,0.01,6,0.8104182294447204,1.2701954276027436,0.9035608952386633,0.5726563135782877,0.022487257494746254
RR,65,250,0.3,9,0.7754333078185257,1.3793431408791672,0.9315303865631482,0.3770911693572998,0.03456089770089826
RR,66,50,0.1,4,0.7425921275776212,1.4768528746434795,1.0659208492861685,0.043788909912109375,0.0402874262257605
RR,67,400,0.15,3,0.920269523891074,0.8119295071598076,0.5446796604312522,0.28347015380859375,0.024801784057038888
RR,68,200,0.1,6,0.8692197374681133,1.0404612626413374,0.6813054595611407,0.23618340492248535,0.04138086286403431
RR,69,50,0.01,3,0.19985462277883662,2.6167304067561825,1.9170117084052116,0.03733388582865397,0.014789446959829663
RR,70,50,0.02,6,0.4804567012249466,2.108084274602535,1.5395359275161475,0.059111992518107094,0.011424052863628359
RR,71,200,0.15,8,0.8315394792180927,1.1970367609880423,0.7870568015254329,0.2829500039418538,0.023623835459595236
RR,72,50,0.05,9,0.7373018404407551,1.494800792665809,1.058645000404814,0.07512283325195312,0.029310934313592142
RR,73,100,0.15,3,0.8433358361852376,1.1509697516732502,0.8423519739287224,0.07216167449951172,0.025136703580558115
RR,74,250,0.15,3,0.9052445848200258,0.8889035894739572,0.6155576964278202,0.17704478899637857,0.024802585479008946
RR,75,100,0.1,8,0.8406775217680423,1.155984147070318,0.7775987771719409,0.14019266764322916,0.034530416698997035
RR,76,100,0.02,10,0.7015042653935835,1.5908919384973483,1.1344199392660579,0.1569066047668457,0.048181606265643086
RR,77,400,0.3,3,0.9081762016043798,0.8727469052350423,0.5887974162605903,0.2823208173116048,0.029088434273448687
RR,78,400,0.15,10,0.8217146688222267,1.2314929707788986,0.8134431236762537,0.6549929777781168,0.021336496740149237
RR,79,50,0.05,5,0.6583381856403157,1.7063897335808142,1.2478132753513833,0.05121477444966634,0.02665135976170413
RR,80,150,0.2,3,0.8934438117414102,0.9481273514791865,0.6631996976366604,0.10727302233378093,0.022154617131346154
RR,81,200,0.1,10,0.8148544128179177,1.250254373276148,0.8458317493579278,0.333396037419637,0.0352531142313298
RR,82,500,0.2,9,0.8079358141830074,1.2665721101495977,0.8398279864438067,0.7432485421498617,0.051684693124394394
RR,83,150,0.01,7,0.6083113129564423,1.828159734078545,1.3445596105580837,0.1915284792582194,0.028489104321693295
RR,84,50,0.1,10,0.7912539307319078,1.329016951319352,0.912116598313882,0.0810556411743164,0.035882225723820924
RR,85,500,0.02,9,0.8404202811371958,1.1602798099823557,0.7980982159608438,0.7677453358968099,0.03151070013609225
RR,86,50,0.15,9,0.811276367035609,1.2645337141951218,0.8506786887762189,0.0773626168568929,0.025918563216822618
RR,87,300,0.1,7,0.8611951418096379,1.0766589162698195,0.7056072343206189,0.3946666717529297,0.038655232349001326
RR,88,250,0.05,8,0.842161773279351,1.1511626444128542,0.7834188438394974,0.3578660488128662,0.03432717718299049
RR,89,300,0.15,3,0.9121523309426872,0.8543824226372722,0.5841971406917014,0.2158184051513672,0.025015731098698372
RR,90,100,0.08,8,0.8208795161093074,1.2301929522251205,0.8268625529969235,0.1460080941518148,0.03474734915074346
RR,91,300,0.3,3,0.9066051380643284,0.8805701979340518,0.5920794626799252,0.21167524655659994,0.029543167329260198
RR,92,200,0.02,6,0.7837230668518657,1.3564174739014183,0.9759007850107322,0.228578249613444,0.023743201808513425
RR,93,500,0.01,3,0.676224142301066,1.663454020512255,1.2459675778439825,0.3565532366434733,0.012412163193574693
RR,94,150,0.05,7,0.8361522074959579,1.1757491163742024,0.8066995750512814,0.19376794497172037,0.033574139454538514
RR,95,200,0.08,7,0.8493020772355045,1.1216143077900933,0.7356045544410313,0.2551368872324626,0.03979273073607259
RR,96,100,0.01,8,0.5211206421455669,2.0221781843335944,1.4763661885157315,0.13846969604492188,0.0313874120715191
RR,97,200,0.3,8,0.7703451625729523,1.3878408405959453,0.9110463258221673,0.27997509638468426,0.05996747063621259
RR,98,400,0.02,7,0.8482287584878078,1.1332152962381625,0.7746883677708506,0.5105054378509521,0.026863239033100516
RR,99,150,0.1,10,0.8142220449938851,1.2524553127967288,0.8479874758589775,0.2470714251200358,0.035199445333754326
ss,0,250,0.2,3,-0.027962130786064427,2.524370213032571,2.0414238991242897,0.17717671394348145,0.16490217371520838
ss,1,500,0.15,10,0.11414450494808508,2.3476568765143146,1.8696858548549,0.7960747877756754,0.06103274595538883
ss,2,400,0.2,10,0.10620409965105775,2.359380954326717,1.8816810263834158,0.6594298680623373,0.0075914638153321565
ss,3,150,0.08,4,0.1738167036154622,2.267680006115768,1.8154320437069476,0.12873299916585287,0.05449826381374678
ss,4,500,0.2,4,-0.049492808324539804,2.5561788613288896,2.04512204124708,0.4291680653889974,0.06596015159385345
ss,5,150,0.01,6,0.17875826697583908,2.2612515628114647,1.7834014818538853,0.17144195238749185,0.024315625243593725
ss,6,200,0.02,7,0.21170145212916688,2.2151099034785897,1.763663215627093,0.25678245226542157,0.038236625181138
ss,7,500,0.3,5,-0.13546464772059696,2.658940157142784,2.1269405269501562,0.5033169587453207,0.018842747613718035
ss,8,300,0.01,8,0.2172676907762654,2.207348506039271,1.7558300845179549,0.42176135381062824,0.03462812105831482
ss,9,200,0.2,10,0.10616108635233612,2.359438327497287,1.8817497926311848,0.33288145065307617,0.0076329612640499995
ss,10,300,0.15,4,-0.044987506790446385,2.547829349319162,2.0639433510218095,0.2698508898417155,0.1311013036818586
ss,11,300,0.1,3,0.14807673088957163,2.302363004526444,1.8317525814151283,0.21229028701782227,0.06008481057933752
ss,12,250,0.1,4,0.09882785644089298,2.368081579837442,1.8958211875052318,0.2153184413909912,0.06701999781785727
ss,13,100,0.05,7,0.18780065250969233,2.248262845488769,1.7882630590479405,0.12737568219502768,0.03932277667000382
ss,14,50,0.02,5,0.14362845409140235,2.309127055332534,1.8157251342375058,0.05104764302571615,0.021145303164142322
ss,15,300,0.01,7,0.21478085727330262,2.2108615259564903,1.7541396739288249,0.37841296195983887,0.036546693517489064
ss,16,100,0.02,9,0.2069749481078096,2.2215206376514236,1.7611914468412444,0.14956251780192056,0.04006798394208768
ss,17,50,0.08,9,0.19250246342440794,2.2417960847329272,1.7916053340012394,0.07626589139302571,0.03883159989162363
ss,18,150,0.3,3,-0.030282358191541237,2.5315069807693824,2.026198468778162,0.10632729530334473,0.10004826083736659
ss,19,200,0.01,6,0.19553232640802157,2.2380226077398953,1.768983221166086,0.2284559408823649,0.027238331674117836
ss,20,200,0.08,9,0.14941344027691242,2.3012044702203123,1.8520274891589807,0.30244239171346027,0.028152273574406854
ss,21,200,0.05,4,0.19136228550757806,2.243376414231541,1.791701891742468,0.17334628105163574,0.050118853450861194
ss,22,250,0.08,4,0.15039012789257303,2.2997175323923793,1.843456087616089,0.21432089805603027,0.04890165322928157
ss,23,200,0.05,3,0.19066674354542776,2.244529052812568,1.784609944553912,0.14201871554056802,0.047376835750078894
ss,24,100,0.3,7,-0.0009028029088768245,2.496714129564991,2.0116699357284085,0.1277599334716797,0.038101323889195286
ss,25,200,0.3,5,-0.13438483891628752,2.6575386988074663,2.1274857721464957,0.20217363039652506,0.02338429985453789
ss,26,100,0.02,7,0.20359134704246648,2.226447380254487,1.7593802255265178,0.1272095044453939,0.037961379365395516
ss,27,300,0.3,7,-0.012516226122063934,2.5109392598105984,2.0228433313585135,0.3794132073720296,0.05148908195431361
ss,28,300,0.05,9,0.17863511566865428,2.261438697891562,1.8131759015272901,0.45325732231140137,0.027747007465948798
ss,29,300,0.01,6,0.21333638406470293,2.213005333556658,1.7546973634739758,0.34006603558858234,0.03165919903059551
ss,30,200,0.2,7,0.024638709695707917,2.464371069064632,1.9671564146443092,0.25405406951904297,0.02208185424886275
ss,31,300,0.02,6,0.20457248885919557,2.22522931538068,1.7772292193932795,0.3482876618703206,0.041371255206644926
ss,32,150,0.02,7,0.21158550837274856,2.215169580346769,1.7575417227971382,0.1899100144704183,0.04099180374633814
ss,33,50,0.02,4,0.12324096951127055,2.3365559581793396,1.8365250216453086,0.04368797938028971,0.012807451560105812
ss,34,100,0.02,3,0.15231995387051508,2.2975385193445876,1.8099146374172428,0.07121825218200684,0.011095602314584849
ss,35,400,0.02,9,0.19420801459632223,2.2396117616646354,1.792340715863914,0.6086352666219076,0.039055872935867014
ss,36,500,0.1,7,0.11352514423109568,2.347442946868273,1.8757673728179007,0.6333050727844238,0.07346262188940288
ss,37,200,0.1,4,0.09638660032689805,2.3716032812798797,1.9010214519665654,0.1718142827351888,0.06639955469953397
ss,38,100,0.02,4,0.17032618502928132,2.27301247584653,1.7931012703776512,0.08602197964986165,0.013885809137425511
ss,39,150,0.2,4,0.028046016279865582,2.45917972732823,1.9638956642147658,0.12897578875223795,0.07665149810853318
ss,40,400,0.1,10,0.1262827914006742,2.3321626017997574,1.8718942571212895,0.6426307360331217,0.03114128820212457
ss,41,100,0.01,7,0.1595095373344794,2.287662310422599,1.7989785164528505,0.12663706143697104,0.02406216789582891
ss,42,150,0.08,6,0.1641881056769948,2.2804200386094062,1.818757113875515,0.1737238566080729,0.056373148791579855
ss,43,50,0.2,10,0.12305707000232073,2.3368771781130273,1.8616456632098934,0.0814651648203532,0.012970613962112442
ss,44,400,0.05,6,0.10442834896094995,2.361261471649565,1.8943454488877904,0.45987828572591144,0.059129389536808456
ss,45,250,0.15,5,0.045493003613595207,2.4368809845562978,1.9529875407570796,0.24979337056477866,0.07015404260188325
ss,46,100,0.02,8,0.20460794948540204,2.2247622707821826,1.7637469234764929,0.13953463236490884,0.041243173289188834
ss,47,500,0.2,8,0.029154854039108485,2.458301784899288,1.9681848704929186,0.6923988660176595,0.049253854939814073
ss,48,250,0.3,8,-0.014097147015559678,2.5127053401646413,2.021672435387762,0.3477579752604167,0.049463251392245264
ss,49,500,0.08,4,0.09997180847821625,2.367509939539438,1.8995493304487934,0.43057068188985187,0.03772574778349088
ss,50,100,0.08,5,0.1732094754672738,2.268518609631126,1.8084978148613153,0.10166096687316895,0.0476055250139229
ss,51,200,0.15,9,0.09849348488990568,2.3695211784041414,1.907515157584171,0.303372859954834,0.010307276908281524
ss,52,500,0.1,5,0.06542286408519642,2.412288516279747,1.9317439680365052,0.5126927693684896,0.05427102207036939
ss,53,50,0.3,10,-0.045113030946743495,2.5506686937415757,2.050542747550816,0.08327102661132812,0.06788695258534884
ss,54,500,0.01,10,0.20779572836010488,2.220678379394404,1.7751000285371372,0.8075910409291586,0.03720405679241457
ss,55,100,0.01,9,0.16535117015428513,2.279564485179067,1.7942780875027413,0.15085260073343912,0.02800118481625449
ss,56,50,0.01,5,0.0919682403099444,2.3779189202184803,1.8595220370608587,0.05095966657002767,0.01175557528522639
ss,57,250,0.08,10,0.17091964663103024,2.2704690909182697,1.814717765680231,0.4025026162465413,0.05988109740441481
ss,58,300,0.05,8,0.1672135543037776,2.276931385326819,1.8143416463739463,0.4180954297383626,0.034816263593431956
ss,59,150,0.02,4,0.19452888427059448,2.2395441001346117,1.7708793090158614,0.13006695111592612,0.02186611675323508
ss,60,200,0.3,4,-0.13547939433589629,2.6562519248858636,2.1365015597785484,0.2467670440673828,0.12749307724696063
ss,61,200,0.01,5,0.18637203333049923,2.250765877476671,1.7769755397775135,0.2246390183766683,0.02394169510573183
ss,62,150,0.15,7,0.10212778800880291,2.3632382689090083,1.891870547688822,0.22379255294799805,0.06098368297119085
ss,63,100,0.05,5,0.20755116116469088,2.2205464436970574,1.7681161738268771,0.1012574831644694,0.04965793945235235
ss,64,500,0.01,6,0.2161224700159888,2.2091875225533073,1.7597416080049746,0.5809143384297689,0.03132700073107157
ss,65,250,0.3,9,-0.02985708609728292,2.531059747303409,2.0219746025309346,0.3902074495951335,0.05982509340124474
ss,66,50,0.1,4,0.17932674249426864,2.2608450417282406,1.8034665184203764,0.04999868075052897,0.021605685227361573
ss,67,400,0.15,3,-0.019567185283879907,2.5155809562062097,2.016980873921833,0.28487205505371094,0.14374360052882473
ss,68,200,0.1,6,0.09942116049249312,2.368281885832943,1.9015854582995617,0.23264241218566895,0.040411975793392514
ss,69,50,0.01,3,0.06516499375496417,2.4127341581284543,1.8810909216677285,0.03595113754272461,0.005454634412278265
ss,70,50,0.02,6,0.1501815443072351,2.3002764023736155,1.8134356664990559,0.057503700256347656,0.02314316873116086
ss,71,200,0.15,8,0.09361570878707655,2.373831844878031,1.8929008369926568,0.2798772652943929,0.08076463572677627
ss,72,50,0.05,9,0.2117694020132023,2.214805764916235,1.765434362093649,0.07570211092631023,0.03821599277098997
ss,73,100,0.15,3,0.14022245915697193,2.3136885665123836,1.8482073609612393,0.07207330067952473,0.051318752390840834
ss,74,250,0.15,3,0.022921447592265293,2.46383855543171,1.981685625366305,0.17818673451741537,0.12017696778858798
ss,75,100,0.1,8,0.14727924595161135,2.3035241074105106,1.833284137021409,0.1448354721069336,0.0460394358575385
ss,76,100,0.02,10,0.20473801425185426,2.2250859704429575,1.7605613536343103,0.16130797068277994,0.029427683636968002
ss,77,400,0.3,3,-0.15451727805605264,2.67838652087182,2.149811688190399,0.28392378489176434,0.13686289718461617
ss,78,400,0.15,10,0.11414394796418643,2.3476576408679755,1.8696860035232916,0.6429156462351481,0.061032346720759904
ss,79,50,0.05,5,0.20139369757089567,2.2293463483870846,1.764822756710193,0.05185063680013021,0.041057643849556194
ss,80,150,0.2,3,0.025363005820314772,2.461225957956822,1.9852108957772419,0.1070106824239095,0.11218126145787209
ss,81,200,0.1,10,0.12771220479746517,2.3302097441860794,1.8706202994701462,0.3272862434387207,0.03230174936345478
ss,82,500,0.2,9,0.08473501488320705,2.3868885898675574,1.9186480640645358,0.7511208852132162,0.04831324618824306
ss,83,150,0.01,7,0.18691912698223123,2.2498575573469215,1.7733953226381576,0.19166970252990723,0.03131358565777041
ss,84,50,0.1,10,0.16036018598537308,2.2858783387016444,1.8323762164134274,0.08108067512512207,0.03836534309032145
ss,85,500,0.02,9,0.1892329315760338,2.246553425988599,1.7993985590950121,0.7699004809061686,0.03862946868074717
ss,86,50,0.15,9,0.12784994933542534,2.3303677165248353,1.871847727896408,0.07703900337219238,0.02024602301756392
ss,87,300,0.1,7,0.11862544160606903,2.3404564804319277,1.8690952618394443,0.38768800099690753,0.07688497072099516
ss,88,250,0.05,8,0.17285327562354558,2.2691548812877596,1.806966735263389,0.3536951541900635,0.03695084559026516
ss,89,300,0.15,3,0.023046058728086405,2.4645268277583643,1.9776197361563612,0.21307158470153809,0.1060186342563963
ss,90,100,0.08,8,0.1627025750498822,2.2827477001737786,1.8254040146673265,0.1410074234008789,0.042021104381837614
ss,91,300,0.3,3,-0.08132953183711396,2.594308064141415,2.0788369465983183,0.2121276060740153,0.0823635721368771
ss,92,200,0.02,6,0.2128296948399724,2.2135841647518357,1.7633356790057853,0.2308652400970459,0.03883591122065186
ss,93,500,0.01,3,0.191104153802944,2.2444157979849786,1.777062158867026,0.3570965925852458,0.022560965457955696
ss,94,150,0.05,7,0.16186847330112095,2.284579403072659,1.825520357892249,0.19305125872294107,0.021477220006322538
ss,95,200,0.08,7,0.13936861545277315,2.313023251265647,1.855633200662898,0.259343942006429,0.07547109337898511
ss,96,100,0.01,8,0.16632744149538384,2.278309356741778,1.7948077811054282,0.14048361778259277,0.024463641980773627
ss,97,200,0.3,8,-0.014088877437472188,2.512695032918755,2.021682885121344,0.2785223325093587,0.0494686735626286
ss,98,400,0.02,7,0.19177837958609578,2.2430016278160307,1.7957515421250643,0.5113110542297363,0.0410550217149178
ss,99,150,0.1,10,0.13094560854727336,2.3257847184310148,1.8671312132457125,0.24397150675455728,0.03496766092604192
Tavg,0,250,0.2,3,0.9877971992764641,1.045668936694922,0.819392230413328,0.1813043753306071,0.0031725164700418997
Tavg,1,500,0.15,10,0.9789163860024678,1.3566857081867614,0.9736195425794909,0.8174550533294678,0.007971012621965087
Tavg,2,400,0.2,10,0.9747710928411658,1.5053597584984617,1.076051247701553,0.6537861029307047,0.006885466974886274
Tavg,3,150,0.08,4,0.9882255094880174,1.0202392723954774,0.7574506803613743,0.12892230351765951,0.004098221954549711
Tavg,4,500,0.2,4,0.9857318900713038,1.1285754851317744,0.8583016064246481,0.4353040059407552,0.00402576621103166
Tavg,5,150,0.01,6,0.8796695920224122,3.318385530817212,2.5617563699922994,0.17246699333190918,0.01280363218355423
Tavg,6,200,0.02,7,0.9799094695163353,1.3249909935419661,0.9231398519109195,0.2523612181345622,0.007692894554611442
Tavg,7,500,0.3,5,0.9749202573159534,1.5139520945881462,1.1749408933560626,0.5126926898956299,0.003267644417001375
Tavg,8,300,0.01,8,0.9692427365383304,1.6445480888264614,1.1754597898775525,0.4094427426656087,0.011295384495052668
Tavg,9,200,0.2,10,0.9747716355960835,1.505348551811946,1.076061156096168,0.33618855476379395,0.006884406469126324
Tavg,10,300,0.15,4,0.9885048371691542,1.012915940837763,0.7770826055737685,0.27304871877034503,0.0033027257583007957
Tavg,11,300,0.1,3,0.9908763389600136,0.8985255980293186,0.6850152252750962,0.21118291219075522,0.002896919980179441
Tavg,12,250,0.1,4,0.9895186848070464,0.9634910042305135,0.718593201312129,0.21773036321004233,0.0034978206973456934
Tavg,13,100,0.05,7,0.9836323497218906,1.2028497915792133,0.8582629867300419,0.1263725757598877,0.00563582928802031
Tavg,14,50,0.02,5,0.7650157557537257,4.647566453325567,3.6650623404429745,0.0503838857014974,0.010245487395216807
Tavg,15,300,0.01,7,0.9704069396001859,1.624241943553461,1.1612544458174001,0.37671581904093426,0.008852724797097356
Tavg,16,100,0.02,9,0.9414966695991137,2.300835279467068,1.72412381379847,0.14842740694681802,0.011945301062963116
Tavg,17,50,0.08,9,0.9728739795220553,1.5407275111288519,1.1092713101541982,0.07400067647298177,0.00997236177370762
Tavg,18,150,0.3,3,0.9832043270123142,1.2263999744513499,0.9701355651856058,0.10717161496480306,0.004408603124984329
Tavg,19,200,0.01,6,0.9292315754421511,2.5371263077499786,1.9068948381545132,0.22824390729268393,0.011837685619829796
Tavg,20,200,0.08,9,0.979340429284319,1.337845931723887,0.9657440802639168,0.30791505177815753,0.008246969609419593
Tavg,21,200,0.05,4,0.9869842922441993,1.0696961205162772,0.7758947954124148,0.17145117123921713,0.004681333476849846
Tavg,22,250,0.08,4,0.9901623054463441,0.9303729333712747,0.6883852233237991,0.21328004201253256,0.003603000821435458
Tavg,23,200,0.05,3,0.9866415592081089,1.0974411044871986,0.81202252552526,0.14813502629597983,0.00301726658389214
Tavg,24,100,0.3,7,0.9756712569120399,1.4707849000586275,1.122649847295494,0.13094806671142578,0.0072393114917443145
Tavg,25,200,0.3,5,0.9748825778021636,1.5151789797515327,1.1771357330693082,0.20171523094177246,0.0032548889530067803
Tavg,26,100,0.02,7,0.9362783506482355,2.400095353592046,1.803902302198937,0.12696202596028647,0.013508130806798203
Tavg,27,300,0.3,7,0.9756848951222971,1.470429803858597,1.1197059176137485,0.38199369112650555,0.007227107471089942
Tavg,28,300,0.05,9,0.98170029528085,1.2495725329020535,0.8741190923092117,0.454988956451416,0.008613654922602042
Tavg,29,300,0.01,6,0.9670279223105048,1.7192437069680455,1.2348205972976578,0.3424499034881592,0.008768823578702479
Tavg,30,200,0.2,7,0.9806480490973026,1.3012401093571484,0.9784539092700185,0.2556927998860677,0.007056900540401573
Tavg,31,300,0.02,6,0.9862761799424171,1.106138229512817,0.7792200581208245,0.34214043617248535,0.003973954767768018
Tavg,32,150,0.02,7,0.9702042648652268,1.6255743037429948,1.16277482361279,0.1893296241760254,0.009529040633260768
Tavg,33,50,0.02,4,0.7252049698475985,5.024019716875202,3.980353712629915,0.043690999348958336,0.016981565851817516
Tavg,34,100,0.02,3,0.8709100220962634,3.43858941177119,2.5733706152056053,0.07226268450419109,0.012308916381789242
Tavg,35,400,0.02,9,0.9858396490650708,1.1071136529960623,0.7636521571952702,0.5975668430328369,0.005859889031913876
Tavg,36,500,0.1,7,0.9839890338869298,1.1682832578883244,0.8503255100654489,0.6391042868296305,0.007836759751458523
Tavg,37,200,0.1,4,0.9891393509943932,0.9829297863664359,0.7340724966636971,0.17359137535095215,0.003382889737796426
Tavg,38,100,0.02,4,0.899058072757421,3.035622055500232,2.295131661362726,0.08669726053873698,0.013425094528516575
Tavg,39,150,0.2,4,0.9850405947188344,1.1580777040522185,0.885477153090331,0.129014253616333,0.003905154381532481
Tavg,40,400,0.1,10,0.9815086837644981,1.264014065516507,0.9096167898240757,0.651487668355306,0.008186543000153852
Tavg,41,100,0.01,7,0.7878729819378728,4.410869940562515,3.5181953208432204,0.12765049934387207,0.01673035333059711
Tavg,42,150,0.08,6,0.9852752670979048,1.1445516457093554,0.8261217230378332,0.17008487383524576,0.004614715955489014
Tavg,43,50,0.2,10,0.9745807300727094,1.511459650060732,1.0801957636699582,0.08144132296244304,0.0068468886046721975
Tavg,44,400,0.05,6,0.9863791511622179,1.0789909660062822,0.7745125260365091,0.45600469907124835,0.00604931127756361
Tavg,45,250,0.15,5,0.9797515456780438,1.3546151154223036,1.033685353074201,0.2526260217030843,0.0045674089292833805
Tavg,46,100,0.02,8,0.932297101110176,2.467593356200384,1.8578802276243673,0.13712898890177408,0.01657383563568263
Tavg,47,500,0.2,8,0.9780155926000162,1.3975989740751,1.0302524827988295,0.6947063604990641,0.006692944108798687
Tavg,48,250,0.3,8,0.9614966224098547,1.8127141347087157,1.323802722687091,0.3475230534871419,0.018936090232674847
Tavg,49,500,0.08,4,0.9907531648025111,0.8984167875799752,0.6639374561682481,0.4321452776590983,0.003717178862069032
Tavg,50,100,0.08,5,0.9860564411529316,1.0959510873337983,0.813390984403438,0.1000827153523763,0.00647963023903313
Tavg,51,200,0.15,9,0.9772409040488262,1.4238213367470536,1.020480222770649,0.30406761169433594,0.006672580366804938
Tavg,52,500,0.1,5,0.9876247594944241,1.0210250736653437,0.7574075306894246,0.5030713081359863,0.006784463260699301
Tavg,53,50,0.3,10,0.9677196351877452,1.709644118211661,1.2782057061806535,0.08249409993489583,0.006413567489480379
Tavg,54,500,0.01,10,0.9821945578727981,1.2400830354878227,0.8471917546716474,0.7934509913126627,0.00782210072872501
Tavg,55,100,0.01,9,0.7956320945928282,4.32752579711718,3.4488528038329513,0.14534799257914224,0.018378002507208602
Tavg,56,50,0.01,5,0.5273831837037525,6.59568859561515,5.336890451828682,0.050953308741251625,0.005723462540693665
Tavg,57,250,0.08,10,0.9823536160515571,1.252405935499083,0.8940704129204163,0.4107755819956462,0.005480087767368563
Tavg,58,300,0.05,8,0.9844294793937093,1.1670017947666755,0.8218858628213767,0.4201008478800456,0.005986873131601835
Tavg,59,150,0.02,4,0.9519158354170992,2.0882151699696228,1.5374272994110927,0.12918496131896973,0.008962410147737701
Tavg,60,200,0.3,4,0.9778680994122703,1.4040672523338795,1.0860467167044117,0.1738449732462565,0.006839742822645897
Tavg,61,200,0.01,5,0.9230552480118791,2.653876167533527,1.9935258147086332,0.20471715927124023,0.008204033305432975
Tavg,62,150,0.15,7,0.9811213430261213,1.2895718088882473,0.9587271635346554,0.20199155807495117,0.006457244453079161
Tavg,63,100,0.05,5,0.9818952894932234,1.2806417909516166,0.9363742579475892,0.10112690925598145,0.003758237732419935
Tavg,64,500,0.01,6,0.9834595414712312,1.2026576826235393,0.8337609025816123,0.5686158339182535,0.006309489334868546
Tavg,65,250,0.3,9,0.9665068779258726,1.7304156547784604,1.2952941182513724,0.3741426467895508,0.010666344357623578
Tavg,66,50,0.1,4,0.9760957133758644,1.4697317467228261,1.0936987605242903,0.04422346750895182,0.005126608555062015
Tavg,67,400,0.15,3,0.9901898527155971,0.934488262406401,0.7229447032346097,0.28208621342976886,0.0029223041902509926
Tavg,68,200,0.1,6,0.9829285355122073,1.2167961784989105,0.8746631821775094,0.2285009225209554,0.007548962206329733
Tavg,69,50,0.01,3,0.45177722014055677,7.103363694797061,5.72144411835928,0.03657269477844238,0.008256929850795285
Tavg,70,50,0.02,6,0.7742265568575449,4.555440258802516,3.6272954034450664,0.05872607231140137,0.009713624285832133
Tavg,71,200,0.15,8,0.9784763935944878,1.3802952561552964,0.982544152675385,0.2836100260416667,0.007085344561069787
Tavg,72,50,0.05,9,0.9563294558074308,1.9660261485596067,1.435841758032727,0.07306631406148274,0.014494520486420682
Tavg,73,100,0.15,3,0.9842081610546339,1.1878192444104643,0.9255207695826956,0.07152374585469563,0.004673390568927037
Tavg,74,250,0.15,3,0.9894903763679469,0.9686537129882101,0.7517736631434223,0.17739788691202799,0.002951446273226202
Tavg,75,100,0.1,8,0.9801973157026244,1.291748612084093,0.9326900728622337,0.1398655573527018,0.010770665205928018
Tavg,76,100,0.02,10,0.9383340798050998,2.3593435826497235,1.7679146802122678,0.15084528923034668,0.013774517745326884
Tavg,77,400,0.3,3,0.9848373556394687,1.1607541311319214,0.9141730470833181,0.28284668922424316,0.0045372915233942625
Tavg,78,400,0.15,10,0.9789163915218294,1.3566854588372381,0.9736194236275472,0.6532249450683594,0.007971020131448835
Tavg,79,50,0.05,5,0.9488646430656846,2.161674657780528,1.6002338987598155,0.0506745179494222,0.0067097379227631345
Tavg,80,150,0.2,3,0.9860108832523952,1.1224511189514927,0.8776546440965448,0.10850779215494792,0.003241424490326025
Tavg,81,200,0.1,10,0.9815047122051105,1.2641331241734244,0.9094065649728492,0.3284893035888672,0.00819374610294545
Tavg,82,500,0.2,9,0.972046256446255,1.5841930711691337,1.165843636599354,0.7544192473093668,0.006964266179435884
Tavg,83,150,0.01,7,0.8903598713884516,3.164690797426157,2.4541894558822754,0.18934003512064615,0.014095253686238594
Tavg,84,50,0.1,10,0.9795609791774087,1.3321627039640493,0.944929244623471,0.07729323705037434,0.008704850835879423
Tavg,85,500,0.02,9,0.9861616122477157,1.0937493183191334,0.7552793493441818,0.7541736761728922,0.005788592735850161
Tavg,86,50,0.15,9,0.9765833967680687,1.4447378404255462,1.0332784060256273,0.07524665196736653,0.006767189910953807
Tavg,87,300,0.1,7,0.9839807196262133,1.1684485959125854,0.8507022527073129,0.38291192054748535,0.007853981616144754
Tavg,88,250,0.05,8,0.9843020425905428,1.1717054192556116,0.8253547857758999,0.34937405586242676,0.006041997727185003
Tavg,89,300,0.15,3,0.9897322842438642,0.9575385301284225,0.7399257761790984,0.21414629618326822,0.002885484555521009
Tavg,90,100,0.08,8,0.9813370002569854,1.2704709208133316,0.9208878558171577,0.13860583305358887,0.007994503032312583
Tavg,91,300,0.3,3,0.9846681926100936,1.167966523800308,0.9206942251913265,0.2141106923421224,0.004498371146839871
Tavg,92,200,0.02,6,0.9793193264872472,1.3654592507224572,0.9705515895324194,0.23592527707417807,0.004720742484735693
Tavg,93,500,0.01,3,0.9706401597481636,1.6292730581761086,1.2068619073717217,0.3547213077545166,0.006093930098563521
Tavg,94,150,0.05,7,0.9863770676720266,1.095127257686807,0.780654714110987,0.18854069709777832,0.0049317337002306874
Tavg,95,200,0.08,7,0.9829910316412435,1.2140232896642733,0.8678841647469143,0.25405073165893555,0.007493632491660609
Tavg,96,100,0.01,8,0.7906649925931296,4.37817591081664,3.4974282421158933,0.13700064023335776,0.02105651243986595
Tavg,97,200,0.3,8,0.9614954604049811,1.812756458877299,1.3238153616668353,0.2805368900299072,0.018934773710625588
Tavg,98,400,0.02,7,0.9867345613765521,1.0644997053000307,0.7302425425876091,0.5150386492411295,0.006144560138968967
Tavg,99,150,0.1,10,0.9815356006363954,1.2636427767572844,0.9080367446679486,0.25391197204589844,0.008112473448291514
ddd_car,0,250,0.2,3,-0.43163713088414096,123.67138280289879,102.99884004688023,0.18119430541992188,0.2055584698361735
ddd_car,1,500,0.15,10,-0.19517176138335568,113.29459980487248,95.24193113107371,0.7973512808481852,0.07840752144659116
ddd_car,2,400,0.2,10,-0.3008225122324297,118.18343124901355,98.80767998337346,0.6360843181610107,0.08420820343385388
ddd_car,3,150,0.08,4,-0.21952404239962706,114.2593060614639,96.05004171236065,0.1284804344177246,0.14341227354839894
ddd_car,4,500,0.2,4,-0.4843620370436465,126.13303047665191,104.44766796765369,0.4476916790008545,0.1458483171259379
ddd_car,5,150,0.01,6,-0.012520585035562823,104.35052128669429,89.98334184365531,0.1718266805013021,0.011040770274753219
ddd_car,6,200,0.02,7,-0.07833387063919266,107.63582815993082,91.7109551344093,0.26334142684936523,0.0532913170490831
ddd_car,7,500,0.3,5,-0.6622571175221493,133.24020202040455,109.74969863471199,0.5121312936147054,0.24388589040378247
ddd_car,8,300,0.01,8,-0.060402838912704405,106.75929227840852,91.38473555540641,0.4228374163309733,0.038473356320156506
ddd_car,9,200,0.2,10,-0.30074873687802955,118.1802064769551,98.80490389859904,0.3205556074778239,0.08413424748132972
ddd_car,10,300,0.15,4,-0.34269859032311945,119.83703559619643,99.01356943260583,0.26034728686014813,0.17594760614270433
ddd_car,11,300,0.1,3,-0.3131665480311104,118.57952231314137,99.25463731108441,0.2128272851308187,0.14827057771358057
ddd_car,12,250,0.1,4,-0.30741671382993546,118.29742927957803,98.68804517635188,0.21422187487284342,0.15451974641147395
ddd_car,13,100,0.05,7,-0.1676746870533176,111.92524449022922,94.4963120036125,0.1295140584309896,0.09511508292130795
ddd_car,14,50,0.02,5,-0.0027806878835080484,103.85287723059069,89.78267235686128,0.05093836784362793,0.002968218132018966
ddd_car,15,300,0.01,7,-0.0527324568611488,106.37151747000667,91.07845433678007,0.386851708094279,0.03850514525868181
ddd_car,16,100,0.02,9,-0.049887387089916656,106.23402981634467,91.0582018111873,0.15237005551656088,0.03465579526613514
ddd_car,17,50,0.08,9,-0.13755280283409,110.53823474224863,93.86180850039159,0.07721177736918132,0.0633371015586659
ddd_car,18,150,0.3,3,-0.5045551922112391,126.66169912713706,104.60159095888201,0.10720427831013997,0.2601891552094066
ddd_car,19,200,0.01,6,-0.023679234600099724,104.91556814672761,90.22329509175495,0.23196752866109213,0.02104950119928553
ddd_car,20,200,0.08,9,-0.20336564404957458,113.67878477919301,95.88591322621483,0.30324673652648926,0.07305702791993637
ddd_car,21,200,0.05,4,-0.18381042743158119,112.61202608712694,95.08695312037257,0.17278973261515299,0.1266908185165984
ddd_car,22,250,0.08,4,-0.27808714371911375,116.95604173369246,97.74355125078692,0.21446998914082846,0.1524224478972659
ddd_car,23,200,0.05,3,-0.1430141755737937,110.7356337746707,93.78497611527717,0.1422847112019857,0.0936863333594025
ddd_car,24,100,0.3,7,-0.6481665866712327,132.73156606541872,109.12353766803507,0.1289377212524414,0.22439690468822152
ddd_car,25,200,0.3,5,-0.6311503208822501,132.03398256571663,108.73418175678798,0.20236635208129883,0.22393092188456512
ddd_car,26,100,0.02,7,-0.03526494926393686,105.50207372608948,90.50816827481744,0.13112568855285645,0.025296147586291375
ddd_car,27,300,0.3,7,-0.6622292222968145,133.27037356009114,109.41807559615295,0.383774995803833,0.23522136878602873
ddd_car,28,300,0.05,9,-0.18524403329341363,112.78971848903414,95.29240647557572,0.5181439717610677,0.0857305393584279
ddd_car,29,300,0.01,6,-0.04715145363861972,106.09510371075824,90.79556938867425,0.3958437442779541,0.03460822253964996
ddd_car,30,200,0.2,7,-0.5619824714654265,129.0920650302404,106.63868914124424,0.2547432581583659,0.24591512710260482
ddd_car,31,300,0.02,6,-0.11810655795757825,109.5590277501979,92.93885212037885,0.34481032689412433,0.07795998961680596
ddd_car,32,150,0.02,7,-0.05681597815425891,106.57481030964159,91.07466693274556,0.19187339146931967,0.0405950659313655
ddd_car,33,50,0.02,4,-0.0038792126699545015,103.90866481249041,89.85430350265956,0.04322497049967448,0.004662768380803184
ddd_car,34,100,0.02,3,-0.012338999026612322,104.33959577124632,89.99313327200139,0.07079021135965984,0.012956433416289187
ddd_car,35,400,0.02,9,-0.14028961422906297,110.63702635104876,93.74103715403594,0.6178174018859863,0.07948713770243229
ddd_car,36,500,0.1,7,-0.27838696975675076,117.02150568768913,97.76638461750393,0.6534357070922852,0.14421139447055858
ddd_car,37,200,0.1,4,-0.26395279760979173,116.33915216223181,97.18793224242171,0.1706089973449707,0.14313010852906383
ddd_car,38,100,0.02,4,-0.022771418365129192,104.87018337913031,90.37068939036557,0.08597962061564128,0.01916898745080037
ddd_car,39,150,0.2,4,-0.39635839251085175,122.10696736914508,101.80720368008927,0.1297308603922526,0.2077013085835581
ddd_car,40,400,0.1,10,-0.21867756595602753,114.40015741893406,96.33652240175827,0.667405366897583,0.07739671156813129
ddd_car,41,100,0.01,7,-0.00829625376441645,104.13431156787932,89.89254632002793,0.12841439247131348,0.009376239241701749
ddd_car,42,150,0.08,6,-0.22682249769375837,114.72501763957716,96.48278631784738,0.17258501052856445,0.10130520557367342
ddd_car,43,50,0.2,10,-0.2871261315430432,117.56825450208176,98.36127260537035,0.08209991455078125,0.07870426652084504
ddd_car,44,400,0.05,6,-0.24028660448957898,115.2858482371948,96.66806224574212,0.4571991761525472,0.12608905539320306
ddd_car,45,250,0.15,5,-0.32036389400687454,118.99365218594995,99.62774034141982,0.25142955780029297,0.12545442458596606
ddd_car,46,100,0.02,8,-0.04001394850035641,105.746233284458,90.7763671259591,0.14061268170674643,0.023260190920490104
ddd_car,47,500,0.2,8,-0.4047097729215065,122.7404100252985,101.75877507275523,0.7312596638997396,0.12828191916045478
ddd_car,48,250,0.3,8,-0.39755109534605254,122.56152858629123,101.27323445486161,0.3484567006429036,0.05137889223313601
ddd_car,49,500,0.08,4,-0.345066188236403,119.97324796823257,99.88965065507374,0.4356883366902669,0.16421037984233855
ddd_car,50,100,0.08,5,-0.22234250254653087,114.4216362303027,96.31971757200101,0.10176316897074382,0.1320940185312601
ddd_car,51,200,0.15,9,-0.27817636188532235,117.17277577209676,98.16276523256265,0.29993995030721027,0.07233738145840093
ddd_car,52,500,0.1,5,-0.4100850970047514,122.74187322813657,102.07427030431533,0.5021843115488688,0.19855686997220678
ddd_car,53,50,0.3,10,-0.3334914005787086,119.72025547666082,99.49301973422541,0.08315126101175944,0.04765972400987508
ddd_car,54,500,0.01,10,-0.10063335590374016,108.72993795757274,92.68269382940173,0.8220702807108561,0.06253088557967955
ddd_car,55,100,0.01,9,-0.010124519985135009,104.22870340119802,89.95454383110392,0.15209023157755533,0.009710356094406831
ddd_car,56,50,0.01,5,0.00038136964262850775,103.69082661650346,89.74652078736607,0.05049649874369303,0.0002309629399776223
ddd_car,57,250,0.08,10,-0.20809250950178604,113.89950109212009,95.76563984190517,0.4048007329305013,0.07443504805101114
ddd_car,58,300,0.05,8,-0.18844737421223123,112.94389668963571,95.40879830725953,0.4193987051645915,0.08632231011000871
ddd_car,59,150,0.02,4,-0.04079601730885748,105.77804774994401,90.85328387391478,0.12994885444641113,0.03004749357564648
ddd_car,60,200,0.3,4,-0.4775650623108402,125.72613510385246,103.26092915381666,0.17574055989583334,0.19682087379349497
ddd_car,61,200,0.01,5,-0.022437249601080584,104.84952448597751,90.26595725652452,0.20226327578226724,0.022181190998014005
ddd_car,62,150,0.15,7,-0.4383941394807045,124.03722778722971,102.84935589188451,0.19193506240844727,0.18348118943828226
ddd_car,63,100,0.05,5,-0.1182096158670618,109.57012570620775,93.16901036166512,0.1010130246480306,0.07375263710596383
ddd_car,64,500,0.01,6,-0.078604345844002,107.64162526179463,91.68127495927435,0.576924721399943,0.05838320288363299
ddd_car,65,250,0.3,9,-0.4498064007052178,124.76408297906494,103.5278706872798,0.38077505429585773,0.09744908479165053
ddd_car,66,50,0.1,4,-0.13459882453369124,110.34388082419404,93.61484153901803,0.04305434226989746,0.08632542323960785
ddd_car,67,400,0.15,3,-0.4035818101084898,122.62298834775792,101.77408851444892,0.28050676981608075,0.1478804629362995
ddd_car,68,200,0.1,6,-0.2957502346729937,117.84675090728558,98.84291286728318,0.2281049887339274,0.1315314559053429
ddd_car,69,50,0.01,3,-0.00019721430250600283,103.72061562936734,89.77982775837809,0.0356446901957194,0.0011615652776241611
ddd_car,70,50,0.02,6,-0.008483030825605272,104.14722966952934,89.94214555566735,0.05766892433166504,0.004866406053476071
ddd_car,71,200,0.15,8,-0.2902859884730702,117.64331208725224,98.27063689649754,0.27852431933085126,0.11066111431837919
ddd_car,72,50,0.05,9,-0.07263431114193608,107.37013566416347,91.85394877624181,0.07683372497558594,0.040713219883444625
ddd_car,73,100,0.15,3,-0.29497046067992444,117.68238191069757,98.71305955401438,0.07121086120605469,0.17696382008513012
ddd_car,74,250,0.15,3,-0.3510640045102725,120.2763617807753,100.2689111979534,0.18727429707845053,0.1524006275088554
ddd_car,75,100,0.1,8,-0.20996120452493727,113.99558466138673,95.89688465719814,0.14060425758361816,0.07387063846298102
ddd_car,76,100,0.02,10,-0.0487869869319398,106.1744390425809,91.04587190417607,0.16268340746561685,0.03708012050192588
ddd_car,77,400,0.3,3,-0.6451616783766443,132.64713968596223,108.71298212836439,0.28581762313842773,0.21784894165868013
ddd_car,78,400,0.15,10,-0.1951716205595929,113.29459294199194,95.24193474272407,0.6414257685343424,0.07840770572411063
ddd_car,79,50,0.05,5,-0.05035895864702766,106.25729236936543,91.10822223345549,0.0514984130859375,0.0345895447578415
ddd_car,80,150,0.2,3,-0.40830360908899266,122.49215286478822,102.37754861566476,0.10699264208475749,0.2510426928935128
ddd_car,81,200,0.1,10,-0.21645292749424247,114.29727398615466,96.25359234501725,0.327558437983195,0.0762364938220388
ddd_car,82,500,0.2,9,-0.30478040044501525,118.33705296284835,99.41846602843263,0.750196615854899,0.1089044457058039
ddd_car,83,150,0.01,7,-0.018771765679985692,104.66688005533139,90.12017046559163,0.20435786247253418,0.017713900786492143
ddd_car,84,50,0.1,10,-0.16696319938481996,111.95522351663992,94.6849286714013,0.09359073638916016,0.0688933401908453
ddd_car,85,500,0.02,9,-0.15422582902708273,111.30296589835574,94.15438166964684,0.7641909917195638,0.08395255158363057
ddd_car,86,50,0.15,9,-0.22747869209910676,114.85156306405851,96.43184800930526,0.07631063461303711,0.05166475822706815
ddd_car,87,300,0.1,7,-0.27116498248562454,116.70179622349626,97.55954739400524,0.38411736488342285,0.139050356115485
ddd_car,88,250,0.05,8,-0.1819918689604192,112.63784804714304,95.21628499090748,0.3489041328430176,0.0853391619992949
ddd_car,89,300,0.15,3,-0.3584341723701718,120.62440879123324,100.47255837234142,0.21141227086385092,0.14643319172685706
ddd_car,90,100,0.08,8,-0.14700089971200345,111.01275647900475,93.6524421487476,0.1411290168762207,0.05459967787210504
ddd_car,91,300,0.3,3,-0.5981914991508751,130.68552881053162,107.41833029064473,0.21477667490641275,0.22882844823964116
ddd_car,92,200,0.02,6,-0.08697550793770488,108.05098525531605,92.0237015516334,0.23427613576253256,0.06235132827594424
ddd_car,93,500,0.01,3,-0.05343181497364528,106.4055950666323,91.09990466366288,0.35670963923136395,0.0398610755455358
ddd_car,94,150,0.05,7,-0.1988347417114408,113.3945899092159,95.52222395114296,0.19451586405436197,0.10358061737463899
ddd_car,95,200,0.08,7,-0.2746834188722716,116.83998493628633,98.24709529289574,0.25480159123738605,0.1409677935447179
ddd_car,96,100,0.01,8,-0.012309712247448404,104.3414638470416,90.06113586141237,0.14036146799723306,0.008455028850831211
ddd_car,97,200,0.3,8,-0.3975019113825364,122.55941914246496,101.27107165422758,0.28182466824849445,0.051350582322831906
ddd_car,98,400,0.02,7,-0.14075069209902993,110.64647216248854,93.53287235554562,0.5150775909423828,0.08668822976403452
ddd_car,99,150,0.1,10,-0.21147522595159396,114.06616540540676,96.10429495259181,0.2444136142730713,0.07413520376122915
ff_avg,0,250,0.2,3,-0.36978961803185134,3.302459279596262,2.6263363799869386,0.18030873934427896,0.14772817891553403
ff_avg,1,500,0.15,10,-0.2912854680020875,3.2091855032647345,2.530388342419596,0.8113506635030111,0.14290729047722306
ff_avg,2,400,0.2,10,-0.2901781766753028,3.207521382396895,2.5209692921505678,0.6445632775624593,0.10122915246246784
ff_avg,3,150,0.08,4,-0.2057537157410998,3.10195252857797,2.4531578978153896,0.1301399072011312,0.15621609852018487
ff_avg,4,500,0.2,4,-0.642659475976608,3.5962470927087273,2.832902276482501,0.43091297149658203,0.4294717246136855
ff_avg,5,150,0.01,6,-0.02329611493295521,2.860968272026471,2.2078388142769843,0.17449498176574707,0.010834072580496592
ff_avg,6,200,0.02,7,-0.09233471242701537,2.9536678492065103,2.310224396141581,0.258828083674113,0.06044405470586617
ff_avg,7,500,0.3,5,-0.447232024655078,3.3961611793824296,2.661532489855541,0.5025291442871094,0.17266303418344472
ff_avg,8,300,0.01,8,-0.06860598441851,2.9230916659538657,2.2843075917079436,0.4263714949289958,0.038363818326588806
ff_avg,9,200,0.2,10,-0.2902035136937849,3.207550962224932,2.521015697020854,0.326740026473999,0.10130441656545905
ff_avg,10,300,0.15,4,-0.47389118244144535,3.412397679527873,2.7288541828735897,0.2601470947265625,0.3700456830685981
ff_avg,11,300,0.1,3,-0.2510642872590811,3.1583441272879895,2.5134718190749137,0.21492830912272134,0.1549279142764781
ff_avg,12,250,0.1,4,-0.2998434609734197,3.2154826951030895,2.557638851121096,0.21609107653299967,0.200908540278555
ff_avg,13,100,0.05,7,-0.10669067172613385,2.9733911336591166,2.3288674767908835,0.1306304136912028,0.06641201405801865
ff_avg,14,50,0.02,5,-0.00916152140457179,2.8414738498293164,2.1712916251194714,0.05184706052144369,0.0034663228981252473
ff_avg,15,300,0.01,7,-0.061634265494165875,2.9132465801489693,2.2732518307980714,0.38778964678446454,0.036212974901306615
ff_avg,16,100,0.02,9,-0.053452917714129335,2.9022165919940157,2.2697006975011274,0.15389490127563477,0.029250465553470502
ff_avg,17,50,0.08,9,-0.14716956464022157,3.0278597589418808,2.3933635506923063,0.07800006866455078,0.05211584804893727
ff_avg,18,150,0.3,3,-0.6722963883460388,3.639359641904438,2.9378153419672373,0.10790371894836426,0.3873864342222257
ff_avg,19,200,0.01,6,-0.036116652896073166,2.8786734855960767,2.234220577575706,0.23131465911865234,0.01926207819936394
ff_avg,20,200,0.08,9,-0.2176773019859036,3.1190980713728,2.467205497130862,0.30709242820739746,0.07447138314131294
ff_avg,21,200,0.05,4,-0.17276671764377638,3.058716362747347,2.4292630719201584,0.17316659291585287,0.12389311875268187
ff_avg,22,250,0.08,4,-0.2678700957624985,3.1768464226688002,2.5365324733186108,0.2160942554473877,0.19928227093666198
ff_avg,23,200,0.05,3,-0.11641539270106856,2.9867282735142147,2.3591450693149185,0.14159838358561197,0.06304788995537505
ff_avg,24,100,0.3,7,-0.3858254821895773,3.323512779311708,2.5744583429346597,0.1287843386332194,0.10345322161419757
ff_avg,25,200,0.3,5,-0.4193536022655731,3.36399326724016,2.6299572384907446,0.20177396138509116,0.14300320956043666
ff_avg,26,100,0.02,7,-0.04201289876207085,2.886484137149465,2.230970457689794,0.1302629311879476,0.021618271428744305
ff_avg,27,300,0.3,7,-0.398791903889997,3.338944820434662,2.59061392211728,0.38591694831848145,0.1156030858796832
ff_avg,28,300,0.05,9,-0.1972778516543343,3.0913943796310246,2.443599190717689,0.45837561289469403,0.10173117437505358
ff_avg,29,300,0.01,6,-0.05278317259412183,2.9012289078711757,2.2619842306387756,0.34766538937886554,0.027790788397298646
ff_avg,30,200,0.2,7,-0.35735910064576476,3.2891777193877147,2.5866182438129073,0.25800466537475586,0.14873608013925615
ff_avg,31,300,0.02,6,-0.11794012261977915,2.9885449420482,2.3645883970041766,0.34639477729797363,0.0647642249149204
ff_avg,32,150,0.02,7,-0.07084904265135379,2.9252237950129434,2.2793232430004307,0.19490877787272134,0.04354392297917564
ff_avg,33,50,0.02,4,-0.010463154851993783,2.8431363605893356,2.170785371690507,0.04421520233154297,0.004943070675688353
ff_avg,34,100,0.02,3,-0.016162239655508188,2.851088664994684,2.1778261520788376,0.07181064287821452,0.005885567082377318
ff_avg,35,400,0.02,9,-0.1862609259511403,3.0774051794752473,2.454952342157199,0.624225934346517,0.11689338522274406
ff_avg,36,500,0.1,7,-0.3114141626513402,3.235197476415488,2.5704953044970447,0.6410377820332845,0.1380720163414433
ff_avg,37,200,0.1,4,-0.30869714665986203,3.2254098005536296,2.5698633450760453,0.17239157358805338,0.23186906390275966
ff_avg,38,100,0.02,4,-0.018120302685717737,2.853643380480636,2.1914987003687454,0.08733868598937988,0.008273085625265538
ff_avg,39,150,0.2,4,-0.4231347329644289,3.3593218244367438,2.6229580878662015,0.13022931416829428,0.2441523162107109
ff_avg,40,400,0.1,10,-0.2013373785814924,3.0972460629687752,2.4256572951065647,0.6463578542073568,0.07844124385261994
ff_avg,41,100,0.01,7,-0.016672748623321354,2.851638148935242,2.183359308767713,0.13124561309814453,0.008332648354290055
ff_avg,42,150,0.08,6,-0.23949948129550439,3.1428854472599697,2.4867881147511626,0.17279760042826334,0.16612401164768442
ff_avg,43,50,0.2,10,-0.2696436526263339,3.1818696136411586,2.499053699646248,0.08342162768046062,0.09485164420755476
ff_avg,44,400,0.05,6,-0.264247811825542,3.1752475605469113,2.527025078020719,0.4589239756266276,0.13924408505880473
ff_avg,45,250,0.15,5,-0.40260929717804267,3.3382167780053105,2.657224813183612,0.25364073117574054,0.24057732971560375
ff_avg,46,100,0.02,8,-0.04422825512833469,2.8899132571491726,2.2464656666633602,0.14253497123718262,0.019545959357311102
ff_avg,47,500,0.2,8,-0.39976091682276643,3.3372917654464676,2.6448289259250193,0.6988546053568522,0.20450798388901584
ff_avg,48,250,0.3,8,-0.3969028038860791,3.336384346412949,2.623977084944306,0.349173625310262,0.10346165514839015
ff_avg,49,500,0.08,4,-0.3572783194812806,3.282571090228897,2.6186288768006087,0.43172240257263184,0.23928445380584415
ff_avg,50,100,0.08,5,-0.11972686427766743,2.990466168431164,2.3351342625009055,0.1025400161743164,0.05374569019962933
ff_avg,51,200,0.15,9,-0.29790950894655266,3.2187791690346175,2.5469816636907763,0.3056197166442871,0.1325059250777395
ff_avg,52,500,0.1,5,-0.30135432148722585,3.222061685486997,2.5310624171502862,0.502871592839559,0.12409433897261779
ff_avg,53,50,0.3,10,-0.43351621466029466,3.3822901248169637,2.676971501664186,0.08308966954549153,0.13089569607698778
ff_avg,54,500,0.01,10,-0.11590391338610669,2.9853145948718343,2.349658851986229,0.8274211883544922,0.07240378519725364
ff_avg,55,100,0.01,9,-0.020335613197866625,2.8570506405087848,2.200339543435128,0.15604329109191895,0.009603529552237536
ff_avg,56,50,0.01,5,-0.005326609817890941,2.8362688425080775,2.1555752026796675,0.051519155502319336,0.0011737536024703694
ff_avg,57,250,0.08,10,-0.2018295439597456,3.098171459673067,2.445423177738969,0.4070943196614583,0.10352859532901527
ff_avg,58,300,0.05,8,-0.19963507025866037,3.0947427524205326,2.4420595907605205,0.42298634847005206,0.10662755456333342
ff_avg,59,150,0.02,4,-0.03865591148585009,2.8823035399431185,2.240398017739691,0.13034296035766602,0.022921637135947064
ff_avg,60,200,0.3,4,-0.7180591305883209,3.6794087206126496,2.9192414475755997,0.17345174153645834,0.47849263360301075
ff_avg,61,200,0.01,5,-0.025183876784369435,2.86375015623406,2.2097860614632148,0.20284501711527506,0.011800528218596968
ff_avg,62,150,0.15,7,-0.31176017300091446,3.235477406235953,2.53168833282111,0.1929171880086263,0.13949325817715347
ff_avg,63,100,0.05,5,-0.08474934777557859,2.944804680074921,2.306193357220742,0.10203242301940918,0.04413189080949985
ff_avg,64,500,0.01,6,-0.08511823297929973,2.9448785073627697,2.31314349494922,0.5812814235687256,0.047954438018323886
ff_avg,65,250,0.3,9,-0.39098294161489244,3.3354628575220495,2.619801642350857,0.3788015842437744,0.07746813952441814
ff_avg,66,50,0.1,4,-0.08884792291964971,2.949566704138881,2.3108136458363266,0.04370729128519694,0.055743616398186535
ff_avg,67,400,0.15,3,-0.3723194246126009,3.308761378977659,2.646485002740247,0.2869463761647542,0.15129336528337525
ff_avg,68,200,0.1,6,-0.274110073253782,3.187668681228479,2.522392351383514,0.23040111859639487,0.14016104357267486
ff_avg,69,50,0.01,3,-0.005573864649996096,2.836602232668041,2.1543940195469253,0.035924275716145836,0.0020052716168911552
ff_avg,70,50,0.02,6,-0.013922298864999258,2.848062911109977,2.1877299154245793,0.05831662813822428,0.008038367286183979
ff_avg,71,200,0.15,8,-0.2503215105530349,3.158152252558986,2.459871523584337,0.2817699909210205,0.08317785941877798
ff_avg,72,50,0.05,9,-0.07334014799257,2.9296626272147157,2.2811952523869503,0.07759284973144531,0.026067654703910224
ff_avg,73,100,0.15,3,-0.14418125505081347,3.022604386533763,2.376889396715682,0.08295114835103352,0.05253220042723328
ff_avg,74,250,0.15,3,-0.30771447769542487,3.2304322393869978,2.590307383259987,0.177016019821167,0.13420570896845396
ff_avg,75,100,0.1,8,-0.248234609961384,3.156291831460132,2.5056747179272496,0.1419250170389811,0.13319305050837643
ff_avg,76,100,0.02,10,-0.06126586953518798,2.912769861654759,2.272326054685917,0.16541433334350586,0.03311467626630401
ff_avg,77,400,0.3,3,-0.8084250831317075,3.7759082734472784,3.0334262723822447,0.2825620969136556,0.4782442561943705
ff_avg,78,400,0.15,10,-0.2912835602231925,3.2091832394335946,2.5303851328366176,0.641339381535848,0.1429047276763632
ff_avg,79,50,0.05,5,-0.04268347531524593,2.8879143990965805,2.245109699056037,0.05136402448018392,0.024101258979415948
ff_avg,80,150,0.2,3,-0.2722510559591227,3.1852209715232878,2.489670362566834,0.10614053408304851,0.08793801948477105
ff_avg,81,200,0.1,10,-0.1981149293621883,3.093123511441299,2.4224558029632814,0.3255123297373454,0.07663378884627951
ff_avg,82,500,0.2,9,-0.2977945688080503,3.220639118981865,2.5164352000508914,0.7484345436096191,0.06950063095663736
ff_avg,83,150,0.01,7,-0.027560422875749484,2.8667022116671412,2.2114174109189437,0.19498840967814127,0.013444745792333164
ff_avg,84,50,0.1,10,-0.12494047453887751,2.997617729913708,2.33424555463241,0.08382781346638997,0.04285889527178046
ff_avg,85,500,0.02,9,-0.20372302172076942,3.0992501907437973,2.478487859091334,0.7652246157328287,0.1328823900733397
ff_avg,86,50,0.15,9,-0.231563953627286,3.1365291321230906,2.4713707569512846,0.0763235092163086,0.0819190068370388
ff_avg,87,300,0.1,7,-0.29539926500707026,3.2156640461136177,2.552855133842965,0.38344589869181317,0.12225453432086324
ff_avg,88,250,0.05,8,-0.1904835151071332,3.083211925094396,2.4323915468481396,0.35342081387837726,0.10170241934386802
ff_avg,89,300,0.15,3,-0.32011708908442826,3.2463833745239317,2.5979809597085484,0.2134256362915039,0.12359410942528914
ff_avg,90,100,0.08,8,-0.15163655016683567,3.0340017726329322,2.401221459083662,0.14302190144856772,0.05556284602305019
ff_avg,91,300,0.3,3,-0.7630299704254204,3.7304779349826642,3.004649691293625,0.2139272689819336,0.447822465061837
ff_avg,92,200,0.02,6,-0.09034152075317066,2.9518831743062903,2.321659609427591,0.2310326894124349,0.05708856109791008
ff_avg,93,500,0.01,3,-0.04623607916774978,2.8925140500006576,2.2528416894817784,0.3559424082438151,0.03313581714227504
ff_avg,94,150,0.05,7,-0.15320368018280206,3.034389941338149,2.391833278202164,0.20058774948120117,0.09516067094139499
ff_avg,95,200,0.08,7,-0.2477361411316188,3.1547146428705353,2.4721489278787896,0.2606627146402995,0.14435129438449612
ff_avg,96,100,0.01,8,-0.01584746795829813,2.8508252328213484,2.1847940207221925,0.14368462562561035,0.005463494362482218
ff_avg,97,200,0.3,8,-0.396794287743735,3.336254987793082,2.6237529385450515,0.27963829040527344,0.1033617165514072
ff_avg,98,400,0.02,7,-0.1723580363721644,3.057655335517193,2.421036154568642,0.5157450040181478,0.11905351681401587
ff_avg,99,150,0.1,10,-0.1923355258582021,3.085718300951753,2.416044889457488,0.24551701545715332,0.07331528056156703
