Rank,Feature_Name,Feature_Type,Average_Importance,Std_Importance,RR_Importance,ss_Importance,Tavg_Importance,ddd_car_Importance,ff_avg_Importance
1,ss_Rolling_Mean_3d,Original,0.139274,0.278017,0.000745,0.695308,8.3e-05,3.4e-05,0.0002
2,ff_avg_Rolling_Mean_3d,Original,0.130752,0.261303,0.000356,1.5e-05,1.3e-05,1.8e-05,0.653358
3,Tavg_Rolling_Mean_3d,Original,0.124707,0.249124,0.000266,0.000124,0.622955,5.3e-05,0.000135
4,RR_Rolling_Mean_3d,Original,0.123797,0.247048,0.617893,8.2e-05,0.000367,9.7e-05,0.000545
5,ddd_car_Rolling_Mean_3d,Original,0.106683,0.211713,0.000264,2.3e-05,0.000403,0.530104,0.00262
6,ddd_car_Lag_1,Original,0.045441,0.090721,7.5e-05,6.4e-05,7.3e-05,0.226883,0.000112
7,ddd_car_Lag_2,Original,0.040222,0.080319,5e-06,1.8e-05,0.000104,0.200859,0.000123
8,RH_avg,Original,0.030513,0.059928,0.001767,6.9e-05,0.150363,0.000208,0.000158
9,RR_Lag_1,Original,0.026654,0.052476,0.131603,5.8e-05,0.000831,1.8e-05,0.00076
10,RR_Lag_2,Original,0.02617,0.051375,0.128916,3.5e-05,0.000552,5.8e-05,0.00129
11,ss_Lag_2,Original,0.021007,0.040783,0.002121,0.102559,0.000112,0.000108,0.000136
12,ss_Lag_1,Original,0.020721,0.041069,6.6e-05,0.102859,0.000419,2.5e-05,0.000234
13,ff_avg_Lag_2,Original,0.020438,0.040532,0.000593,2.6e-05,5.8e-05,1.4e-05,0.101501
14,ff_avg_Lag_1,Original,0.019232,0.037864,0.000704,8.2e-05,0.000412,2e-06,0.094959
15,Tx,Original,0.016771,0.017133,0.011427,0.024414,0.046313,0.000149,0.00155
16,ss_Rolling_Std_3d,Original,0.012833,0.025169,0.000308,0.063169,0.000137,2.4e-05,0.000526
17,RR_Rolling_Std_3d,Original,0.011551,0.022466,0.05648,4.7e-05,0.000565,2.1e-05,0.000644
18,Heat_Index,Engineered,0.011229,0.0207,0.002616,0.000472,0.052589,1.8e-05,0.000449
19,Tavg_Lag_2,Original,0.008945,0.015953,0.003159,0.000182,0.04077,1.7e-05,0.000595
20,ff_x,Original,0.008239,0.015419,0.001896,0.000153,9.2e-05,8e-06,0.039045
21,Tavg_Rolling_Std_3d,Original,0.007614,0.014473,0.00023,0.000176,0.036552,4.7e-05,0.001067
22,ddd_car_Rolling_Std_3d,Original,0.007587,0.014743,2.8e-05,2.7e-05,2.7e-05,0.037067,0.000787
23,ff_avg_Rolling_Std_3d,Original,0.00735,0.014685,2e-05,1.1e-05,0.0,0.0,0.036719
24,Tavg_Lag_1,Original,0.004873,0.008577,0.000648,0.000915,0.022016,1.6e-05,0.000773
25,ddd_car_Rolling_Mean_14d,Original,0.003262,0.006195,0.000363,8.7e-05,0.000168,4.1e-05,0.015651
26,RH_Rolling_Mean_3d,Original,0.00226,0.002857,0.007237,6e-05,0.003732,7.3e-05,0.000198
27,Tn,Original,0.001472,0.00177,0.000707,3.6e-05,0.004792,8.7e-05,0.001741
28,RR_Rolling_Std_7d,Original,0.001111,0.001611,0.004281,4.7e-05,0.000377,2.4e-05,0.000827
29,Rain_Streak,Engineered,0.001036,0.00107,0.002687,0.001899,8.3e-05,2e-06,0.000507
30,Temp_Humidity,Engineered,0.000998,0.00107,0.000256,0.000111,0.00236,1.5e-05,0.002249
31,ddd_x,Original,0.000953,0.001419,0.000249,3.5e-05,0.000164,0.000547,0.00377
32,Temp_Range_RH,Engineered,0.000872,0.000609,0.00093,0.000332,0.001652,5e-05,0.001396
33,DayOfWeek,Original,0.000711,0.001132,0.000558,1.4e-05,4.8e-05,0.0,0.002936
34,ff_avg_Rolling_Std_7d,Original,0.000696,0.001262,0.000132,5.4e-05,7.6e-05,1e-06,0.003218
35,ff_avg_Rolling_Std_14d,Original,0.000671,0.001119,0.0001,9.7e-05,0.000238,1.3e-05,0.002905
36,RR_Rolling_Std_14d,Original,0.000634,0.000801,0.00218,3.2e-05,0.000401,8e-06,0.00055
37,ss_Lag_7,Original,0.000622,0.00071,0.00191,0.000147,1.7e-05,0.000167,0.000867
38,Tavg_Lag_3,Original,0.000612,0.001045,0.000141,0.000142,5.8e-05,2e-05,0.0027
39,Temp_Range,Engineered,0.000602,0.000511,0.001112,0.000237,0.000268,7.2e-05,0.001322
40,Dry_Streak,Engineered,0.000592,0.000748,0.001815,0.001122,7e-06,1.8e-05,0.0
41,ss_Rolling_Std_7d,Original,0.000525,0.000549,0.000411,0.000448,0.000175,1.6e-05,0.001576
42,ddd_car_Rolling_Std_7d,Original,0.000509,0.000456,0.000297,0.000159,0.000177,0.001382,0.000528
43,DayOfYear_cos,Engineered,0.000475,0.000363,0.001031,0.000185,0.000709,1.8e-05,0.00043
44,RH_Rolling_Mean_7d,Original,0.000439,0.000764,0.000112,2e-05,0.001966,1.7e-05,8.1e-05
45,RH_Rolling_Mean_14d,Original,0.000439,0.000471,0.001288,7.2e-05,0.000609,3.1e-05,0.000196
46,RR_Lag_3,Original,0.000425,0.000505,0.000519,3.2e-05,7.5e-05,0.000124,0.001373
47,Tavg_Rolling_Mean_7d,Original,0.000409,0.000343,0.000322,0.000115,0.000707,2e-06,0.000898
48,RR_Rolling_Mean_7d,Original,0.000362,0.000245,0.000663,4e-05,0.000581,0.000123,0.000403
49,Tavg_Rolling_Std_14d,Original,0.000359,0.000396,6.9e-05,3.9e-05,0.000668,3.2e-05,0.000989
50,Tavg_Rolling_Std_7d,Original,0.000344,0.000458,7.2e-05,3.2e-05,0.000348,4e-05,0.001229
51,Tavg_Lag_5,Original,0.000342,0.000465,0.000184,6.5e-05,0.000131,6.2e-05,0.001268
52,Dew_Point,Engineered,0.000332,0.000247,0.00037,7.6e-05,0.000587,2e-05,0.000608
53,ddd_car_Lag_3,Original,0.00032,0.0006,8e-06,1.3e-05,4.4e-05,1.6e-05,0.00152
54,ss_Rolling_Std_14d,Original,0.000307,0.000431,0.001164,6.2e-05,0.000157,2.7e-05,0.000126
55,ddd_car_Rolling_Mean_7d,Original,0.000301,0.000316,0.000247,2.8e-05,0.000299,3.6e-05,0.000893
56,ss_Rolling_Mean_7d,Original,0.000293,0.000329,0.000386,3.5e-05,0.000131,1.6e-05,0.000897
57,ss_Lag_3,Original,0.000267,0.000278,0.000412,0.000131,2.3e-05,2.5e-05,0.000745
58,Sunny_Binary_Lag_2,Original,0.000263,0.000526,0.0,0.001315,0.0,0.0,0.0
59,RR_Rolling_Mean_14d,Original,0.000251,0.000171,0.000408,2.4e-05,0.000174,0.000161,0.000487
60,RR_Lag_7,Original,0.000238,0.000261,0.000225,0.000115,0.000112,0.0,0.00074
61,RR_Lag_5,Original,0.000218,0.000269,0.000161,7.6e-05,0.000101,4e-06,0.000746
62,ss_Rolling_Mean_14d,Original,0.000212,0.000274,0.000759,8.5e-05,2.9e-05,8.6e-05,0.000102
63,DayOfYear_sin,Engineered,0.000188,0.000232,0.00065,9.1e-05,9.1e-05,2.3e-05,8.5e-05
64,ff_avg_Rolling_Mean_7d,Original,0.000185,0.000305,1.4e-05,9e-06,0.000101,8e-06,0.000791
65,ddd_car_Rolling_Std_14d,Original,0.00018,8.7e-05,6.3e-05,0.000176,0.000154,0.000175,0.000332
66,Day_sin,Engineered,0.000174,0.000192,0.000187,8.1e-05,4.4e-05,1.7e-05,0.000541
67,ss_Lag_14,Original,0.000168,0.000111,0.000316,8e-05,0.000114,4.5e-05,0.000287
68,Tavg_Lag_14,Original,0.000165,0.000132,0.000345,8.5e-05,3.7e-05,5.6e-05,0.000304
69,ddd_car_Lag_7,Original,0.000165,0.000183,0.000124,7e-05,7.6e-05,2.8e-05,0.000526
70,Tavg_Rolling_Mean_14d,Original,0.000158,0.000161,0.000141,8.3e-05,0.00047,1.8e-05,7.9e-05
71,RR_Lag_14,Original,0.000158,0.000103,0.000205,8.2e-05,0.000103,6e-05,0.00034
72,Tavg_Lag_7,Original,0.000155,8.3e-05,0.000239,3.3e-05,0.0001,0.000147,0.000254
73,ff_avg_Lag_14,Original,0.000118,0.000229,0.000576,1e-06,1.2e-05,0.0,0.0
74,Day_cos,Engineered,0.000109,0.000131,0.000366,3.7e-05,4.8e-05,1e-05,8.6e-05
75,Day,Original,9.5e-05,8.8e-05,4e-05,0.000121,5.9e-05,4e-06,0.000253
76,ff_avg_Lag_5,Original,7.4e-05,0.000107,1e-05,3.8e-05,1.4e-05,2e-05,0.000288
77,ss_Lag_5,Original,7e-05,6.7e-05,0.0002,3.6e-05,5.6e-05,5.1e-05,6e-06
78,ff_avg_Rolling_Mean_14d,Original,6.6e-05,8.2e-05,1.1e-05,5.5e-05,2.9e-05,7e-06,0.000226
79,ff_avg_Lag_7,Original,6e-05,6.7e-05,0.00012,5e-06,1.4e-05,0.0,0.000159
80,ff_avg_Lag_3,Original,5.6e-05,5.3e-05,3.7e-05,4e-06,0.000119,0.0,0.000121
81,Season,Original,5.6e-05,6.2e-05,3.5e-05,7e-06,6.9e-05,0.0,0.00017
82,ddd_car_Lag_5,Original,4.9e-05,1.1e-05,5.1e-05,3.6e-05,4.8e-05,6.9e-05,4.3e-05
83,Sunny_Binary_Lag_1,Original,4.8e-05,9.6e-05,0.0,0.000239,0.0,0.0,0.0
84,Month,Original,4.7e-05,5.9e-05,0.000164,3.1e-05,0.0,1.8e-05,2.4e-05
85,ddd_car_Lag_14,Original,3.5e-05,3.5e-05,9.6e-05,2.1e-05,5e-06,4e-06,5.1e-05
86,Month_cos,Engineered,3.4e-05,3.4e-05,2.2e-05,3.6e-05,9.8e-05,1.4e-05,0.0
87,Rain_Binary_Lag_14,Original,1.8e-05,2.9e-05,0.0,0.0,1.5e-05,0.0,7.4e-05
88,Month_sin,Engineered,1e-05,1.6e-05,0.0,1e-05,4e-05,0.0,0.0
89,Sunny_Binary_Lag_5,Original,9e-06,1.1e-05,2.2e-05,1e-06,2.4e-05,0.0,0.0
90,Rain_Binary_Lag_7,Original,7e-06,9e-06,0.0,2.3e-05,1.3e-05,0.0,0.0
91,Sunny_Binary_Lag_14,Original,3e-06,6e-06,1.5e-05,0.0,0.0,0.0,0.0
92,Rain_Binary_Lag_5,Original,1e-06,1e-06,0.0,3e-06,0.0,0.0,0.0
93,Rain_Binary_Lag_1,Original,0.0,0.0,0.0,0.0,0.0,0.0,0.0
94,Rain_Binary_Lag_2,Original,0.0,0.0,1e-06,1e-06,0.0,0.0,0.0
95,Sunny_Binary_Lag_3,Original,0.0,0.0,0.0,0.0,0.0,0.0,0.0
96,Rain_Binary_Lag_3,Original,0.0,0.0,0.0,0.0,0.0,0.0,0.0
97,Sunny_Binary_Lag_7,Original,0.0,0.0,0.0,0.0,0.0,0.0,0.0
